KADUNA STATE SCHOOLS QUALITY ASSURANCE AUTHORITY,,,,,,
RECOMMENDED LIST OF TEXTBOOKS,,,,,,
NURSERY SCHOOLS,,,,,,
COLOURING FOR NURSERY                                   NURSERY LEVEL (ECCDE),,,,,,
S/N,BOOK TITLE,AUTHOR(S),PUBLISHER(S),PLACE OF PUBLICATION,YEAR OF PUBLICATION,RECOMMENDATION 
1,Creative Arts Step ECCDE,"Fadahunsi, E.A",University Press Plc.,Ibadan,2011,Main Text
2,Colouring for Nursery (1 – 3),"Smith, M. et al",Extension Publications Ltd.,Ibadan,2016,Alternative Text 1
3,Metropolitan Colouring Activities Book 1-3,Feyo Awobeku,Metropolitan Publishers Ltd.,Lagos,2019,Alternative Text 2
,,,,,,
MATHEMATICS                                                      NURSERY LEVEL (ECCDE),,,,,,
S/N,BOOK TITLE,AUTHOR(S),PUBLISHER(S),PLACE OF PUBLICATION,YEAR OF PUBLICATION,RECOMMENDATION 
1,Bounty Nursery Mathematics (1-3),"Kolawole, I.  H.",Bounty Press Ltd.,Ibadan,2019,Main Text
2,Mastering Step to Number for Beginner 1,J. M Omogbai ,Metropolitan Publishers Ltd. ,Lagos ,2019,Alternative Text 1
3,The New Mastering Mathematics for Nursery Schools Book    1 - 3,Henry Z. Idogun,Metropolitan Publishers Ltd. ,Lagos,2019,Alternative Text 2
4,Mathematical Skills 1-3,M.J. Chimah et al.,LearnAfrica Plc,Lagos,2017,Alternative Text 3
5,Zero to Ten Nursery Mathematics 3,"Tay, M. ",Zero to Ten and Imprint of Evans Publishing Group,Ibadan,2011,Supplementary Text 1
6,Extension Model Nursery Mathematics (1-3),"Miller, O. et al",Extension Publications Ltd.,Ibadan,2018,Supplementary Text 2
7,Eduwaves Happy Learners Quantitative Aptitude (1-3),"Hammed, A et al",Eduwaves Publishers Ltd.,Cross River,2020,Supplementary Text 3
8,Smile and Learn Essential Skill for Tiny Tots Mathematics (1-3) ,"Rasmed, P.L",Rasmed Publishers Ltd.,Ibadan,2018,Refernce Text 1
9,New Era Mathematics,"Okoukyo, T. P. et al",Spectrum Books Ltd.,Ibadan,2019,Refernce Text 2
10,Little Scholar Mathematics (1-3),"Shola, M. C. B. et al",Rasmed Publications Ltd.,Ibadan,2017,Refernce Text 3
11,Nursery Quantitative Reasoning Pupils Book (1-3),"Adebayo, A. et al",Bounty Press Ltd.,Ibadan,2017,Revision Text 1
12,Methodical Approach Nursery Mathematics (1-3),"Fajobi, O.  et al",Rasmed Publications Ltd.,Ibadan,2015,Revision Text 2
13,York Super Rory,"Paris, V. et al",York Press Ltd.,Lagos,2017,Revision Text 3
14,Functional Mathematics Work book (1-3),"Ajaye, H. O et al",Melrose Book and Publishing Ltd.,Ogun,2012,Library Collection
15,Happy Learners Mathematics (1-3),"Akin, D. et al",Eduwaves Publishers Ltd.,Cross River,2020,Library Collection
,,,,,,
SOCIAL STUDIES                                                    NURSERY LEVEL (ECCDE),,,,,,
S/N,BOOK TITLE,AUTHOR(S),PUBLISHER(S),PLACE OF PUBLICATION,YEAR OF PUBLICATION,RECOMMENDATION
1,Social and Living Habit for Early Child Care Development Education (1&2),"Fada, H. E. L. Mrs.  et al",University Press Plc.,Ibadan,2016,Main Text
2,Agbenu Social Habit for ECCDE (1&2),"Ekoja, B. et al",Advance Publishers Nig. Ltd.,Kaduna ,2016,Alternative Text 1
3,Spectrum My World of Social Norms for ECCDE,"Musa, F. et al",Spectrum Books Ltd.,Ibadan,2016,Alternative Text 2
4,Health Habit (1-3),"Oniyide, M. I. J. et al",Extension Publications Ltd.,Ibadan,2018,Alternative Text 3
5,Metropolitan Social Habit (1-3),"Babalola, B. M",Metropolitan  Publishers Ltd.,Lagos,2018,Supplementary Text 1
6,Eduwaves Happy Learners Social Habit (1-3),"Adejare, A.  et al",Eduwaves Publishers Ltd.,Cross Rivers,2020,Supplementary Text 2
7,Social Norms 1-3,M.A. Orebanjo,LearnAfrica Plc.,Lagos,2017,Supplementary Text 3
8,Interactive Norms for Nursery ECCD (1-3),"Ajayi, H. O et al",Melrose Books and Publishing Ltd..,Ibadan,2017,Reference Text 1
9,Bounty Social and Living Habit (1&2),"Akande, K. A ",Bounty Press Ltd.,Ibadan,2018,Reference Text 2
,,,,,,
ENGLISH STUDIES                                                    NURSERY LEVEL (ECCDE),,,,,,
S/N,BOOK TITLE,AUTHOR(S),PUBLISHER(S),PLACE OF PUBLICATION,YEAR OF PUBLICATION,RECOMMENDATION 
1,Eduwaves Happy Learners (Nursery 1-3),"Onabanjo, F.",Eduwaves Publishers Ltd.,Ibadan,2020,Main Text
2,Essential Skills For Tiny Tots ( Nursery 1-3),Rasmed,Rasmed Publications Ltd.,Ibadan,2020,Alternative Text 1
3,The New Mastering English for Nursery Schools Book 1 - 3,J. M. Omogbai,Metropolitan Publishers Ltd.,Lagos,2019,Alternative Text 2
4,I Can Read Book 1 & 2,"Eluwa, M. O et al",LearnAfrica Plc.,Lagos,2017,Alternative Text 3
5,Phonics is Funning 1-3,"Atuegbe, C. E.",LearnAfrica Plc.,Lagos,2017,Supplementary Text 1
6,Agbenu English for Early Child,"Onyiuloku, M. et al",Advance Publishers Nig. Ltd.,Kaduna,2015,Supplementary Text 2
7,Bounty Nursery English,"Kolawale, Y. H.",Bounty Press Ltd,Ibadan,2018,Supplementary Text 3
8,Communicative Eng. For Nursery,"Ajaji, H. O. et al",Melrose Books and Publishing Ltd.,Ogun,2017,Reference Text 1
9,Basic Steps In Mentesori Reading,"Omisore, T",University Press Plc.,Ibadan,2013,Reference Text 2
10,Extension Modern Nursery English,"Moller, O. et al",Extension Publications Ltd.,Ibadan,2018,Reference Text 3
11,Phonetic Based Approach,"Okonkwo, P. T",Spectrum Books Ltd.,Ibadan,2018,Revision Text 1
12,New Era English 1-3,"Okoukto, T. P. et al",Spectrum Books Ltd.,Ibadan,2018,Revision Text 2
13,Little Scholars,"Belly, M. S.",Rasmed Publication Ltd.,Ibadan,2015,Revision Text 3
14,Bounty Phonics For Nursery School,"Bounty, P. L.",Bounty Press Plc.,Ibadan,2019,Library Collection 
15,Methodical Approach To Nursery English,"Olukunl,  F. et al",Rasmed Publishers Ltd.,Ibadan,2004,Library Collection 
16,Phonics for Nursery,"Mangan, C. Et al",Extension Publications Ltd.,Ibadan,2017,Library Collection 
17,Nursery Verbal Reasoning,"Adebayo, A et al",Bounty Press Ltd.,Ibadan,2017,Library Collection 
18,Verbal Aptitude,"Akin, O. et al",Eduwaves Publishers Ltd.,Calabar,2020,Library Collection 
19,Bestway Writing Book,"Ogunsemo, T. O.",Bounty Press Ltd.,Ibadan,2010,Library Collection 
20,My Word Book,Bounty P. L.,Bounty Press Ltd.,Ibadan,2018,Library Collection
,,,,,,
SCIENCE                                                                      NURSERY LEVEL (ECCDE),,,,,,
S/NO,BOOK TITTLE,AUTHOR(S),PUBLISHER(S),PLACE OF PUBLISHERS,YEAR OF PUBLICATION,RECOMMENDATION
1,Understanding Science 1-3,"Nelson, E.",Nelson Publishers Ltd.,Ibadan ,2019,Main Text
2,Science and Health for Nursery and Pre-Nursery School 1-3 ,Extension Publication Ltd,Extension Publication Ltd. ,Ibadan ,2016,Alternative Text 1
3,Science is Fun 1 - 3,"Bajah, S. T",LearnAfrica Plc.,Lagos,2017,Alternative Text 2
4,Nursery Science 1-3,"Ajalo, H. O",Melrose Books and Publishing Ltd.,Ogun,2012,Alternative Text 3
,,,,,,
CHRISTIAN RELIGIOUS STUDIES                           NURSERY LEVEL (ECCDE),,,,,,
S/NO,BOOK TITLE,AUTHOR(S),PUBLISHER(S),PLACE OF PUBLISHERS,YEAR OF PUBLICATION,RECOMMENDATION
1,Christian Religious Studies 1-3,Mayosore J.,"Evans Publishers Nig, LTD",Ibadan,2017,Main Text
,,,,,,
 ISLAMIC RELIGIOUS STUDIES                              NURSERY LEVEL (ECCDE),,,,,,
S/NO,BOOK TITLE,AUTHOR(S),PUBLISHER(S),PLACE OF PUBLISHERS,YEAR OF PUBLICATION,RECOMMENDATION
1,My Beautiful Religion (1-3),"Bagci, O. et al",Rasmed Publication Ltd.,Ibadan,2019,Main Text
2,My First Hadith Book,Rashmed ,Rasmed Publication Ltd.,Lagos,2018,Alternative Text
,,,,,,
CULTURAL AND CREATIVE ARTS                            PRE-NURSERY,,,,,,
S/NO,BOOK TITTLE,AUTHOR(S),PUBLISHER(S),PLACE OF PUBLISHERS,YEAR OF PUBLICATION,RECOMMENDATION
1,Creative Arts Step 1 ECCDE 1 – 3,"Mrs Fadahunsi, E.A",University Press Plc.,Ibadan,2011,Main Text
,,,,,,
SCIENCE                                                                      PRE-NURSERY LEVEL ,,,,,,
S/NO,BOOK TITTLE,AUTHOR(S),PUBLISHER(S),PLACE OF PUBLISHERS,YEAR OF PUBLICATION,RECOMMENDATION
1,Science and Health for Nursery and Pre- Primary Schools 1 -3 ,Extension Publication Ltd.,Extension Publications Ltd. ,Ibadan ,2016,Main Text